{"Loss": 0.18392225354909897, "_runtime": 246, "_timestamp": 1634488996, "_step": 399, "Val Loss": 0.39867064356803894, "Acc": 64.75, "Val ACC": 0.0, "_wandb": {"runtime": 245}}