{"Loss": 0.10433692578226328, "_runtime": 8, "_timestamp": 1634488737, "_step": 1, "Val Loss": 0.3171304762363434, "_wandb": {"runtime": 16}}