{"Loss": 0.09497787314467132, "_runtime": 75, "_timestamp": 1634489229, "_step": 399, "Val Loss": 0.2944820523262024, "Acc": 66.55, "Val ACC": 0.0, "_wandb": {"runtime": 74}}